<!--
 Software License Agreement (BSD License)
 Copyright © 2022 belongs to Shadow Robot Company Ltd.
 All rights reserved.
 Redistribution and use in source and binary forms, with or without modification,
 are permitted provided that the following conditions are met:
   1. Redistributions of source code must retain the above copyright notice,
      this list of conditions and the following disclaimer.
   2. Redistributions in binary form must reproduce the above copyright notice,
      this list of conditions and the following disclaimer in the documentation
      and/or other materials provided with the distribution.
   3. Neither the name of Shadow Robot Company Ltd nor the names of its contributors
      may be used to endorse or promote products derived from this software without
      specific prior written permission.
 This software is provided by Shadow Robot Company Ltd "as is" and any express
 or implied warranties, including, but not limited to, the implied warranties of
 merchantability and fitness for a particular purpose are disclaimed. In no event
 shall the copyright holder be liable for any direct, indirect, incidental, special,
 exemplary, or consequential damages (including, but not limited to, procurement of
 substitute goods or services; loss of use, data, or profits; or business interruption)
 however caused and on any theory of liability, whether in contract, strict liability,
 or tort (including negligence or otherwise) arising in any way out of the use of this
 software, even if advised of the possibility of such damage.
-->

<mujoco>
    <texture type="skybox" builtin="gradient" width="128" height="128" rgb1=".4 .6 .8" rgb2="0 0 0"/>  
    <texture name="texgeom" type="cube" builtin="flat" mark="cross" width="127" height="1278" rgb1="0.8 0.6 0.4"
        rgb2="0.8 0.6 0.4" markrgb="1 1 1" random="0.01"/>  
    <texture name="texplane" type="2d" builtin="checker" rgb1=".2 .3 .4" rgb2=".1 0.15 0.2" width="512" height="512"/>  
    <material name='mat_plane' reflectance='0.3' texture="texplane" texrepeat="1 1" texuniform="true"/>
    <material name="block_mat" specular="0" shininess="0.5" reflectance="0" rgba="0.2 0.2 0.2 1"/>
    <material name='geom' texture="texgeom" texuniform="true"/>
    <material name="metal" reflectance="1.0" rgba="0.6 0.6 0.6 1.0" shininess="0.5" specular="1.0"/>
    <material name="plastic" rgba="0.2 0.2 0.2 1.0" shininess="0.5"/>
    <material name="rubber" rgba="0.3 0.3 0.3 1.0" shininess="0.0"/>
    <mesh name="F1_visual" file="meshes/arm_and_hand_meshes/visual/F1.stl"/>
    <mesh name="F1_collision" file="meshes/arm_and_hand_meshes/collision/F1.stl"/>
    <mesh name="F2_visual" file="meshes/arm_and_hand_meshes/visual/F2.stl"/>
    <mesh name="F2_collision_proximal" file="meshes/arm_and_hand_meshes/collision/decomposed/F2/F2_proximal.stl"/>
    <mesh name="F2_collision_middle" file="meshes/arm_and_hand_meshes/collision/decomposed/F2/F2_middle.stl"/>
    <mesh name="F2_collision_distal" file="meshes/arm_and_hand_meshes/collision/decomposed/F2/F2_distal.stl"/>
    <mesh name="F3_visual" file="meshes/arm_and_hand_meshes/visual/F3.stl"/>
    <mesh name="F3_collision_proximal" file="meshes/arm_and_hand_meshes/collision/decomposed/F3/F3_proximal.stl"/>
    <mesh name="F3_collision_distal" file="meshes/arm_and_hand_meshes/collision/decomposed/F3/F3_distal.stl"/>
    <mesh name="TH1_visual" file="meshes/arm_and_hand_meshes/visual/TH1_z.stl"/>
    <mesh name="TH1_collision" file="meshes/arm_and_hand_meshes/collision/TH1.stl"/>
    <mesh name="TH2_visual" file="meshes/arm_and_hand_meshes/visual/TH2_z.stl"/>
    <mesh name="TH2_collision_proximal" file="meshes/arm_and_hand_meshes/collision/decomposed/TH2/TH2_proximal.stl"/>
    <mesh name="TH2_collision_middle" file="meshes/arm_and_hand_meshes/collision/decomposed/TH2/TH2_middle.stl"/>
    <mesh name="TH2_collision_distal" file="meshes/arm_and_hand_meshes/collision/decomposed/TH2/TH2_distal.stl"/>
    <mesh name="TH3_visual" file="meshes/arm_and_hand_meshes/visual/TH3_z.stl"/>
    <mesh name="TH3_collision_proximal" file="meshes/arm_and_hand_meshes/collision/decomposed/TH3/TH3_proximal.stl"/>
    <mesh name="TH3_collision_distal" file="meshes/arm_and_hand_meshes/collision/decomposed/TH3/TH3_distal.stl"/>
    <mesh name="forearm_visual" file="meshes/arm_and_hand_meshes/visual/forearm.stl"/>
    <mesh name="forearm_collision" file="meshes/arm_and_hand_meshes/collision/decomposed/forearm/forearm.stl"/>
    <mesh name="forearm_collision_wrist" file="meshes/arm_and_hand_meshes/collision/decomposed/forearm/forearm_wrist.stl"/>
    <mesh name="forearm_plus_visual" file="meshes/arm_and_hand_meshes/visual/forearm_plus.stl"/>
    <mesh name="forearm_plus_collision_1" file="meshes/arm_and_hand_meshes/collision/decomposed/forearm_plus/forearm_plus_1.stl"/>
    <mesh name="forearm_plus_collision_2" file="meshes/arm_and_hand_meshes/collision/decomposed/forearm_plus/forearm_plus_2.stl"/>
    <mesh name="forearm_plus_collision_3" file="meshes/arm_and_hand_meshes/collision/decomposed/forearm_plus/forearm_plus_3.stl"/>
    <mesh name="forearm_plus_collision_4" file="meshes/arm_and_hand_meshes/collision/decomposed/forearm_plus/forearm_plus_4.stl"/>
    <mesh name="forearm_plus_collision_5" file="meshes/arm_and_hand_meshes/collision/decomposed/forearm_plus/forearm_plus_5.stl"/>
    <mesh name="knuckle_visual" file="meshes/arm_and_hand_meshes/visual/knuckle.stl"/>
    <mesh name="knuckle_collision" file="meshes/arm_and_hand_meshes/collision/knuckle.stl"/>
    <mesh name="palm_visual" file="meshes/arm_and_hand_meshes/visual/palm.stl" scale="-0.001 0.001 0.001"/>
    <mesh name="palm_collision_0" file="meshes/arm_and_hand_meshes/collision/decomposed/palm/palmShape_IndexedFaceSet.stl" scale="-0.001 0.001 0.001"/>
    <mesh name="palm_collision_1" file="meshes/arm_and_hand_meshes/collision/decomposed/palm/palmShape_IndexedFaceSet_001.stl" scale="-0.001 0.001 0.001"/>
    <mesh name="palm_collision_2" file="meshes/arm_and_hand_meshes/collision/decomposed/palm/palmShape_IndexedFaceSet_002.stl" scale="-0.001 0.001 0.001"/>
    <mesh name="palm_collision_3" file="meshes/arm_and_hand_meshes/collision/decomposed/palm/palmShape_IndexedFaceSet_003.stl" scale="-0.001 0.001 0.001"/>
    <mesh name="palm_collision_4" file="meshes/arm_and_hand_meshes/collision/decomposed/palm/palmShape_IndexedFaceSet_004.stl" scale="-0.001 0.001 0.001"/>
    <mesh name="palm_collision_5" file="meshes/arm_and_hand_meshes/collision/decomposed/palm/palmShape_IndexedFaceSet_005.stl" scale="-0.001 0.001 0.001"/>
    <mesh name="palm_collision_6" file="meshes/arm_and_hand_meshes/collision/decomposed/palm/palmShape_IndexedFaceSet_006.stl" scale="-0.001 0.001 0.001"/>
    <mesh name="palm_collision_7" file="meshes/arm_and_hand_meshes/collision/decomposed/palm/palmShape_IndexedFaceSet_007.stl" scale="-0.001 0.001 0.001"/>
    <mesh name="palm_collision_8" file="meshes/arm_and_hand_meshes/collision/decomposed/palm/palmShape_IndexedFaceSet_008.stl" scale="-0.001 0.001 0.001"/>
    <mesh name="palm_collision_9" file="meshes/arm_and_hand_meshes/collision/decomposed/palm/palmShape_IndexedFaceSet_009.stl" scale="-0.001 0.001 0.001"/>
    <mesh name="palm_collision_10" file="meshes/arm_and_hand_meshes/collision/decomposed/palm/palmShape_IndexedFaceSet_010.stl" scale="-0.001 0.001 0.001"/>
    <mesh name="palm_collision_11" file="meshes/arm_and_hand_meshes/collision/decomposed/palm/palmShape_IndexedFaceSet_011.stl" scale="-0.001 0.001 0.001"/>
    <mesh name="palm_collision_12" file="meshes/arm_and_hand_meshes/collision/decomposed/palm/palmShape_IndexedFaceSet_012.stl" scale="-0.001 0.001 0.001"/>
    <mesh name="palm_collision_13" file="meshes/arm_and_hand_meshes/collision/decomposed/palm/palmShape_IndexedFaceSet_013.stl" scale="-0.001 0.001 0.001"/>
    <mesh name="palm_collision_14" file="meshes/arm_and_hand_meshes/collision/decomposed/palm/palmShape_IndexedFaceSet_014.stl" scale="-0.001 0.001 0.001"/>
    <mesh name="palm_collision_15" file="meshes/arm_and_hand_meshes/collision/decomposed/palm/palmShape_IndexedFaceSet_015.stl" scale="-0.001 0.001 0.001"/>
    <mesh name="palm_collision_16" file="meshes/arm_and_hand_meshes/collision/decomposed/palm/palmShape_IndexedFaceSet_016.stl" scale="-0.001 0.001 0.001"/>
    <mesh name="palm_collision_17" file="meshes/arm_and_hand_meshes/collision/decomposed/palm/palmShape_IndexedFaceSet_017.stl" scale="-0.001 0.001 0.001"/>
    <mesh name="palm_collision_18" file="meshes/arm_and_hand_meshes/collision/decomposed/palm/palmShape_IndexedFaceSet_018.stl" scale="-0.001 0.001 0.001"/>
    <mesh name="palm_collision_19" file="meshes/arm_and_hand_meshes/collision/decomposed/palm/palmShape_IndexedFaceSet_019.stl" scale="-0.001 0.001 0.001"/>
    <mesh name="palm_collision_20" file="meshes/arm_and_hand_meshes/collision/decomposed/palm/palmShape_IndexedFaceSet_020.stl" scale="-0.001 0.001 0.001"/>
    <mesh name="palm_collision_21" file="meshes/arm_and_hand_meshes/collision/decomposed/palm/palmShape_IndexedFaceSet_021.stl" scale="-0.001 0.001 0.001"/>
    <mesh name="palm_collision_22" file="meshes/arm_and_hand_meshes/collision/decomposed/palm/palmShape_IndexedFaceSet_022.stl" scale="-0.001 0.001 0.001"/>
    <mesh name="palm_collision_23" file="meshes/arm_and_hand_meshes/collision/decomposed/palm/palmShape_IndexedFaceSet_023.stl" scale="-0.001 0.001 0.001"/>
    <mesh name="palm_collision_24" file="meshes/arm_and_hand_meshes/collision/decomposed/palm/palmShape_IndexedFaceSet_024.stl" scale="-0.001 0.001 0.001"/>
    <mesh name="palm_collision_25" file="meshes/arm_and_hand_meshes/collision/decomposed/palm/palmShape_IndexedFaceSet_025.stl" scale="-0.001 0.001 0.001"/>
    <mesh name="palm_collision_26" file="meshes/arm_and_hand_meshes/collision/decomposed/palm/palmShape_IndexedFaceSet_026.stl" scale="-0.001 0.001 0.001"/>
    <mesh name="palm_collision_27" file="meshes/arm_and_hand_meshes/collision/decomposed/palm/palmShape_IndexedFaceSet_027.stl" scale="-0.001 0.001 0.001"/>
    <mesh name="palm_collision_28" file="meshes/arm_and_hand_meshes/collision/decomposed/palm/palmShape_IndexedFaceSet_028.stl" scale="-0.001 0.001 0.001"/>
    <mesh name="palm_collision_29" file="meshes/arm_and_hand_meshes/collision/decomposed/palm/palmShape_IndexedFaceSet_029.stl" scale="-0.001 0.001 0.001"/>
    <mesh name="palm_collision_30" file="meshes/arm_and_hand_meshes/collision/decomposed/palm/palmShape_IndexedFaceSet_030.stl" scale="-0.001 0.001 0.001"/>
    <mesh name="palm_collision_31" file="meshes/arm_and_hand_meshes/collision/decomposed/palm/palmShape_IndexedFaceSet_031.stl" scale="-0.001 0.001 0.001"/>
    <mesh name="palm_collision_32" file="meshes/arm_and_hand_meshes/collision/decomposed/palm/palmShape_IndexedFaceSet_032.stl" scale="-0.001 0.001 0.001"/>
    <mesh name="palm_collision_33" file="meshes/arm_and_hand_meshes/collision/decomposed/palm/palmShape_IndexedFaceSet_033.stl" scale="-0.001 0.001 0.001"/>
    <mesh name="palm_collision_34" file="meshes/arm_and_hand_meshes/collision/decomposed/palm/palmShape_IndexedFaceSet_034.stl" scale="-0.001 0.001 0.001"/>
    <mesh name="palm_collision_35" file="meshes/arm_and_hand_meshes/collision/decomposed/palm/palmShape_IndexedFaceSet_035.stl" scale="-0.001 0.001 0.001"/>
    <mesh name="palm_collision_36" file="meshes/arm_and_hand_meshes/collision/decomposed/palm/palmShape_IndexedFaceSet_036.stl" scale="-0.001 0.001 0.001"/>
    <mesh name="palm_collision_37" file="meshes/arm_and_hand_meshes/collision/decomposed/palm/palmShape_IndexedFaceSet_037.stl" scale="-0.001 0.001 0.001"/>
    <mesh name="palm_collision_38" file="meshes/arm_and_hand_meshes/collision/decomposed/palm/palmShape_IndexedFaceSet_038.stl" scale="-0.001 0.001 0.001"/>
    <mesh name="palm_collision_39" file="meshes/arm_and_hand_meshes/collision/decomposed/palm/palmShape_IndexedFaceSet_039.stl" scale="-0.001 0.001 0.001"/>
    <mesh name="palm_collision_40" file="meshes/arm_and_hand_meshes/collision/decomposed/palm/palmShape_IndexedFaceSet_040.stl" scale="-0.001 0.001 0.001"/>
    <mesh name="palm_collision_41" file="meshes/arm_and_hand_meshes/collision/decomposed/palm/palmShape_IndexedFaceSet_041.stl" scale="-0.001 0.001 0.001"/>
    <mesh name="palm_collision_42" file="meshes/arm_and_hand_meshes/collision/decomposed/palm/palmShape_IndexedFaceSet_042.stl" scale="-0.001 0.001 0.001"/>
    <mesh name="palm_collision_43" file="meshes/arm_and_hand_meshes/collision/decomposed/palm/palmShape_IndexedFaceSet_043.stl" scale="-0.001 0.001 0.001"/>
    <mesh name="palm_collision_44" file="meshes/arm_and_hand_meshes/collision/decomposed/palm/palmShape_IndexedFaceSet_044.stl" scale="-0.001 0.001 0.001"/>
    <mesh name="palm_collision_45" file="meshes/arm_and_hand_meshes/collision/decomposed/palm/palmShape_IndexedFaceSet_045.stl" scale="-0.001 0.001 0.001"/>
    <mesh name="palm_collision_46" file="meshes/arm_and_hand_meshes/collision/decomposed/palm/palmShape_IndexedFaceSet_046.stl" scale="-0.001 0.001 0.001"/>
    <mesh name="palm_collision_47" file="meshes/arm_and_hand_meshes/collision/decomposed/palm/palmShape_IndexedFaceSet_047.stl" scale="-0.001 0.001 0.001"/>
    <mesh name="palm_collision_48" file="meshes/arm_and_hand_meshes/collision/decomposed/palm/palmShape_IndexedFaceSet_048.stl" scale="-0.001 0.001 0.001"/>
    <mesh name="palm_collision_49" file="meshes/arm_and_hand_meshes/collision/decomposed/palm/palmShape_IndexedFaceSet_049.stl" scale="-0.001 0.001 0.001"/>
    <mesh name="palm_collision_50" file="meshes/arm_and_hand_meshes/collision/decomposed/palm/palmShape_IndexedFaceSet_050.stl" scale="-0.001 0.001 0.001"/>
    <mesh name="palm_collision_51" file="meshes/arm_and_hand_meshes/collision/decomposed/palm/palmShape_IndexedFaceSet_051.stl" scale="-0.001 0.001 0.001"/>
    <mesh name="palm_collision_52" file="meshes/arm_and_hand_meshes/collision/decomposed/palm/palmShape_IndexedFaceSet_052.stl" scale="-0.001 0.001 0.001"/>
    <mesh name="palm_collision_53" file="meshes/arm_and_hand_meshes/collision/decomposed/palm/palmShape_IndexedFaceSet_053.stl" scale="-0.001 0.001 0.001"/>
    <mesh name="palm_collision_54" file="meshes/arm_and_hand_meshes/collision/decomposed/palm/palmShape_IndexedFaceSet_054.stl" scale="-0.001 0.001 0.001"/>
    <mesh name="palm_collision_55" file="meshes/arm_and_hand_meshes/collision/decomposed/palm/palmShape_IndexedFaceSet_055.stl" scale="-0.001 0.001 0.001"/>
    <mesh name="palm_collision_56" file="meshes/arm_and_hand_meshes/collision/decomposed/palm/palmShape_IndexedFaceSet_056.stl" scale="-0.001 0.001 0.001"/>
    <mesh name="palm_collision_57" file="meshes/arm_and_hand_meshes/collision/decomposed/palm/palmShape_IndexedFaceSet_057.stl" scale="-0.001 0.001 0.001"/>
    <mesh name="palm_collision_58" file="meshes/arm_and_hand_meshes/collision/decomposed/palm/palmShape_IndexedFaceSet_058.stl" scale="-0.001 0.001 0.001"/>
    <mesh name="palm_collision_59" file="meshes/arm_and_hand_meshes/collision/decomposed/palm/palmShape_IndexedFaceSet_059.stl" scale="-0.001 0.001 0.001"/>
    <mesh name="palm_collision_60" file="meshes/arm_and_hand_meshes/collision/decomposed/palm/palmShape_IndexedFaceSet_060.stl" scale="-0.001 0.001 0.001"/>
    <mesh name="palm_collision_61" file="meshes/arm_and_hand_meshes/collision/decomposed/palm/palmShape_IndexedFaceSet_061.stl" scale="-0.001 0.001 0.001"/>
    <mesh name="palm_collision_62" file="meshes/arm_and_hand_meshes/collision/decomposed/palm/palmShape_IndexedFaceSet_062.stl" scale="-0.001 0.001 0.001"/>
    <mesh name="palm_collision_63" file="meshes/arm_and_hand_meshes/collision/decomposed/palm/palmShape_IndexedFaceSet_063.stl" scale="-0.001 0.001 0.001"/>
    <mesh name="palm_collision_64" file="meshes/arm_and_hand_meshes/collision/decomposed/palm/palmShape_IndexedFaceSet_064.stl" scale="-0.001 0.001 0.001"/>
    <mesh name="palm_collision_65" file="meshes/arm_and_hand_meshes/collision/decomposed/palm/palmShape_IndexedFaceSet_065.stl" scale="-0.001 0.001 0.001"/>
    <mesh name="palm_collision_66" file="meshes/arm_and_hand_meshes/collision/decomposed/palm/palmShape_IndexedFaceSet_066.stl" scale="-0.001 0.001 0.001"/>
    <mesh name="palm_collision_67" file="meshes/arm_and_hand_meshes/collision/decomposed/palm/palmShape_IndexedFaceSet_067.stl" scale="-0.001 0.001 0.001"/>
    <mesh name="palm_collision_68" file="meshes/arm_and_hand_meshes/collision/decomposed/palm/palmShape_IndexedFaceSet_068.stl" scale="-0.001 0.001 0.001"/>
    <mesh name="palm_collision_69" file="meshes/arm_and_hand_meshes/collision/decomposed/palm/palmShape_IndexedFaceSet_069.stl" scale="-0.001 0.001 0.001"/>
    <mesh name="palm_collision_70" file="meshes/arm_and_hand_meshes/collision/decomposed/palm/palmShape_IndexedFaceSet_070.stl" scale="-0.001 0.001 0.001"/>
    <mesh name="palm_collision_71" file="meshes/arm_and_hand_meshes/collision/decomposed/palm/palmShape_IndexedFaceSet_071.stl" scale="-0.001 0.001 0.001"/>
    <mesh name="palm_collision_72" file="meshes/arm_and_hand_meshes/collision/decomposed/palm/palmShape_IndexedFaceSet_072.stl" scale="-0.001 0.001 0.001"/>
    <mesh name="palm_collision_73" file="meshes/arm_and_hand_meshes/collision/decomposed/palm/palmShape_IndexedFaceSet_073.stl" scale="-0.001 0.001 0.001"/>
    <mesh name="palm_collision_74" file="meshes/arm_and_hand_meshes/collision/decomposed/palm/palmShape_IndexedFaceSet_074.stl" scale="-0.001 0.001 0.001"/>
    <mesh name="palm_collision_75" file="meshes/arm_and_hand_meshes/collision/decomposed/palm/palmShape_IndexedFaceSet_075.stl" scale="-0.001 0.001 0.001"/>
    <mesh name="palm_collision_76" file="meshes/arm_and_hand_meshes/collision/decomposed/palm/palmShape_IndexedFaceSet_076.stl" scale="-0.001 0.001 0.001"/>
    <mesh name="palm_collision_77" file="meshes/arm_and_hand_meshes/collision/decomposed/palm/palmShape_IndexedFaceSet_077.stl" scale="-0.001 0.001 0.001"/>
    <mesh name="palm_collision_78" file="meshes/arm_and_hand_meshes/collision/decomposed/palm/palmShape_IndexedFaceSet_078.stl" scale="-0.001 0.001 0.001"/>
    <mesh name="palm_collision_79" file="meshes/arm_and_hand_meshes/collision/decomposed/palm/palmShape_IndexedFaceSet_079.stl" scale="-0.001 0.001 0.001"/>
    <mesh name="palm_collision_80" file="meshes/arm_and_hand_meshes/collision/decomposed/palm/palmShape_IndexedFaceSet_080.stl" scale="-0.001 0.001 0.001"/>
    <mesh name="palm_collision_81" file="meshes/arm_and_hand_meshes/collision/decomposed/palm/palmShape_IndexedFaceSet_081.stl" scale="-0.001 0.001 0.001"/>
    <mesh name="palm_collision_82" file="meshes/arm_and_hand_meshes/collision/decomposed/palm/palmShape_IndexedFaceSet_082.stl" scale="-0.001 0.001 0.001"/>
    <mesh name="palm_collision_83" file="meshes/arm_and_hand_meshes/collision/decomposed/palm/palmShape_IndexedFaceSet_083.stl" scale="-0.001 0.001 0.001"/>
    <mesh name="palm_collision_84" file="meshes/arm_and_hand_meshes/collision/decomposed/palm/palmShape_IndexedFaceSet_084.stl" scale="-0.001 0.001 0.001"/>
    <mesh name="palm_collision_85" file="meshes/arm_and_hand_meshes/collision/decomposed/palm/palmShape_IndexedFaceSet_085.stl" scale="-0.001 0.001 0.001"/>
    <mesh name="palm_collision_86" file="meshes/arm_and_hand_meshes/collision/decomposed/palm/palmShape_IndexedFaceSet_086.stl" scale="-0.001 0.001 0.001"/>
    <mesh name="palm_collision_87" file="meshes/arm_and_hand_meshes/collision/decomposed/palm/palmShape_IndexedFaceSet_087.stl" scale="-0.001 0.001 0.001"/>
    <mesh name="palm_collision_88" file="meshes/arm_and_hand_meshes/collision/decomposed/palm/palmShape_IndexedFaceSet_088.stl" scale="-0.001 0.001 0.001"/>
    <mesh name="palm_collision_89" file="meshes/arm_and_hand_meshes/collision/decomposed/palm/palmShape_IndexedFaceSet_089.stl" scale="-0.001 0.001 0.001"/>
    <mesh name="palm_collision_90" file="meshes/arm_and_hand_meshes/collision/decomposed/palm/palmShape_IndexedFaceSet_090.stl" scale="-0.001 0.001 0.001"/>
    <mesh name="palm_collision_91" file="meshes/arm_and_hand_meshes/collision/decomposed/palm/palmShape_IndexedFaceSet_091.stl" scale="-0.001 0.001 0.001"/>
    <mesh name="palm_collision_92" file="meshes/arm_and_hand_meshes/collision/decomposed/palm/palmShape_IndexedFaceSet_092.stl" scale="-0.001 0.001 0.001"/>
    <mesh name="palm_collision_93" file="meshes/arm_and_hand_meshes/collision/decomposed/palm/palmShape_IndexedFaceSet_093.stl" scale="-0.001 0.001 0.001"/>
    <mesh name="palm_collision_94" file="meshes/arm_and_hand_meshes/collision/decomposed/palm/palmShape_IndexedFaceSet_094.stl" scale="-0.001 0.001 0.001"/>
    <mesh name="palm_collision_95" file="meshes/arm_and_hand_meshes/collision/decomposed/palm/palmShape_IndexedFaceSet_095.stl" scale="-0.001 0.001 0.001"/>
    <mesh name="palm_collision_96" file="meshes/arm_and_hand_meshes/collision/decomposed/palm/palmShape_IndexedFaceSet_096.stl" scale="-0.001 0.001 0.001"/>
    <mesh name="palm_collision_97" file="meshes/arm_and_hand_meshes/collision/decomposed/palm/palmShape_IndexedFaceSet_097.stl" scale="-0.001 0.001 0.001"/>
    <mesh name="palm_collision_98" file="meshes/arm_and_hand_meshes/collision/decomposed/palm/palmShape_IndexedFaceSet_098.stl" scale="-0.001 0.001 0.001"/>
    <mesh name="palm_collision_99" file="meshes/arm_and_hand_meshes/collision/decomposed/palm/palmShape_IndexedFaceSet_099.stl" scale="-0.001 0.001 0.001"/>
    <mesh name="palm_collision_100" file="meshes/arm_and_hand_meshes/collision/decomposed/palm/palmShape_IndexedFaceSet_100.stl" scale="-0.001 0.001 0.001"/>
    <mesh name="palm_collision_101" file="meshes/arm_and_hand_meshes/collision/decomposed/palm/palmShape_IndexedFaceSet_101.stl" scale="-0.001 0.001 0.001"/>
    <mesh name="palm_collision_102" file="meshes/arm_and_hand_meshes/collision/decomposed/palm/palmShape_IndexedFaceSet_102.stl" scale="-0.001 0.001 0.001"/>
    <mesh name="palm_collision_103" file="meshes/arm_and_hand_meshes/collision/decomposed/palm/palmShape_IndexedFaceSet_103.stl" scale="-0.001 0.001 0.001"/>
    <mesh name="palm_collision_104" file="meshes/arm_and_hand_meshes/collision/decomposed/palm/palmShape_IndexedFaceSet_104.stl" scale="-0.001 0.001 0.001"/>
    <mesh name="palm_collision_105" file="meshes/arm_and_hand_meshes/collision/decomposed/palm/palmShape_IndexedFaceSet_105.stl" scale="-0.001 0.001 0.001"/>
    <mesh name="palm_collision_106" file="meshes/arm_and_hand_meshes/collision/decomposed/palm/palmShape_IndexedFaceSet_106.stl" scale="-0.001 0.001 0.001"/>
    <mesh name="palm_collision_107" file="meshes/arm_and_hand_meshes/collision/decomposed/palm/palmShape_IndexedFaceSet_107.stl" scale="-0.001 0.001 0.001"/>
    <mesh name="palm_collision_108" file="meshes/arm_and_hand_meshes/collision/decomposed/palm/palmShape_IndexedFaceSet_108.stl" scale="-0.001 0.001 0.001"/>
    <mesh name="palm_collision_109" file="meshes/arm_and_hand_meshes/collision/decomposed/palm/palmShape_IndexedFaceSet_109.stl" scale="-0.001 0.001 0.001"/>
    <mesh name="palm_collision_110" file="meshes/arm_and_hand_meshes/collision/decomposed/palm/palmShape_IndexedFaceSet_110.stl" scale="-0.001 0.001 0.001"/>
    <mesh name="palm_collision_111" file="meshes/arm_and_hand_meshes/collision/decomposed/palm/palmShape_IndexedFaceSet_111.stl" scale="-0.001 0.001 0.001"/>
    <mesh name="palm_collision_112" file="meshes/arm_and_hand_meshes/collision/decomposed/palm/palmShape_IndexedFaceSet_112.stl" scale="-0.001 0.001 0.001"/>
    <mesh name="palm_collision_113" file="meshes/arm_and_hand_meshes/collision/decomposed/palm/palmShape_IndexedFaceSet_113.stl" scale="-0.001 0.001 0.001"/>
    <mesh name="palm_collision_114" file="meshes/arm_and_hand_meshes/collision/decomposed/palm/palmShape_IndexedFaceSet_114.stl" scale="-0.001 0.001 0.001"/>
    <mesh name="palm_collision_115" file="meshes/arm_and_hand_meshes/collision/decomposed/palm/palmShape_IndexedFaceSet_115.stl" scale="-0.001 0.001 0.001"/>
    <mesh name="palm_collision_116" file="meshes/arm_and_hand_meshes/collision/decomposed/palm/palmShape_IndexedFaceSet_116.stl" scale="-0.001 0.001 0.001"/>
    <mesh name="palm_collision_117" file="meshes/arm_and_hand_meshes/collision/decomposed/palm/palmShape_IndexedFaceSet_117.stl" scale="-0.001 0.001 0.001"/>
    <mesh name="palm_collision_118" file="meshes/arm_and_hand_meshes/collision/decomposed/palm/palmShape_IndexedFaceSet_118.stl" scale="-0.001 0.001 0.001"/>
    <mesh name="palm_collision_119" file="meshes/arm_and_hand_meshes/collision/decomposed/palm/palmShape_IndexedFaceSet_119.stl" scale="-0.001 0.001 0.001"/>
    <mesh name="palm_collision_120" file="meshes/arm_and_hand_meshes/collision/decomposed/palm/palmShape_IndexedFaceSet_120.stl" scale="-0.001 0.001 0.001"/>
    <mesh name="palm_collision_121" file="meshes/arm_and_hand_meshes/collision/decomposed/palm/palmShape_IndexedFaceSet_121.stl" scale="-0.001 0.001 0.001"/>
    <mesh name="palm_collision_122" file="meshes/arm_and_hand_meshes/collision/decomposed/palm/palmShape_IndexedFaceSet_122.stl" scale="-0.001 0.001 0.001"/>
    <mesh name="palm_collision_123" file="meshes/arm_and_hand_meshes/collision/decomposed/palm/palmShape_IndexedFaceSet_123.stl" scale="-0.001 0.001 0.001"/>
    <mesh name="palm_collision_124" file="meshes/arm_and_hand_meshes/collision/decomposed/palm/palmShape_IndexedFaceSet_124.stl" scale="-0.001 0.001 0.001"/>
    <mesh name="palm_collision_125" file="meshes/arm_and_hand_meshes/collision/decomposed/palm/palmShape_IndexedFaceSet_125.stl" scale="-0.001 0.001 0.001"/>
    <mesh name="palm_collision_126" file="meshes/arm_and_hand_meshes/collision/decomposed/palm/palmShape_IndexedFaceSet_126.stl" scale="-0.001 0.001 0.001"/>
    <mesh name="palm_collision_127" file="meshes/arm_and_hand_meshes/collision/decomposed/palm/palmShape_IndexedFaceSet_127.stl" scale="-0.001 0.001 0.001"/>
    <mesh name="palm_collision_128" file="meshes/arm_and_hand_meshes/collision/decomposed/palm/palmShape_IndexedFaceSet_128.stl" scale="-0.001 0.001 0.001"/>
    <mesh name="palm_collision_129" file="meshes/arm_and_hand_meshes/collision/decomposed/palm/palmShape_IndexedFaceSet_129.stl" scale="-0.001 0.001 0.001"/>
    <mesh name="palm_collision_130" file="meshes/arm_and_hand_meshes/collision/decomposed/palm/palmShape_IndexedFaceSet_130.stl" scale="-0.001 0.001 0.001"/>
    <mesh name="palm_collision_131" file="meshes/arm_and_hand_meshes/collision/decomposed/palm/palmShape_IndexedFaceSet_131.stl" scale="-0.001 0.001 0.001"/>
    <mesh name="palm_collision_132" file="meshes/arm_and_hand_meshes/collision/decomposed/palm/palmShape_IndexedFaceSet_132.stl" scale="-0.001 0.001 0.001"/>
    <mesh name="palm_collision_133" file="meshes/arm_and_hand_meshes/collision/decomposed/palm/palmShape_IndexedFaceSet_133.stl" scale="-0.001 0.001 0.001"/>
    <mesh name="palm_collision_134" file="meshes/arm_and_hand_meshes/collision/decomposed/palm/palmShape_IndexedFaceSet_134.stl" scale="-0.001 0.001 0.001"/>
    <mesh name="palm_collision_135" file="meshes/arm_and_hand_meshes/collision/decomposed/palm/palmShape_IndexedFaceSet_135.stl" scale="-0.001 0.001 0.001"/>
    <mesh name="palm_collision_136" file="meshes/arm_and_hand_meshes/collision/decomposed/palm/palmShape_IndexedFaceSet_136.stl" scale="-0.001 0.001 0.001"/>
    <mesh name="palm_collision_137" file="meshes/arm_and_hand_meshes/collision/decomposed/palm/palmff_hinge.stl" scale="-0.001 0.001 0.001"/>
    <mesh name="palm_collision_138" file="meshes/arm_and_hand_meshes/collision/decomposed/palm/palmlf_palm.stl" scale="-0.001 0.001 0.001"/>
    <mesh name="palm_collision_139" file="meshes/arm_and_hand_meshes/collision/decomposed/palm/palmlf_palm_top.stl" scale="-0.001 0.001 0.001"/>
    <mesh name="palm_collision_140" file="meshes/arm_and_hand_meshes/collision/decomposed/palm/palmmf_hinge.stl" scale="-0.001 0.001 0.001"/>
    <mesh name="palm_collision_141" file="meshes/arm_and_hand_meshes/collision/decomposed/palm/palmrf_hinge.stl" scale="-0.001 0.001 0.001"/>
    <mesh name="palm_collision_142" file="meshes/arm_and_hand_meshes/collision/decomposed/palm/palmrf_palm.stl" scale="-0.001 0.001 0.001"/>
    <mesh name="palm_collision_143" file="meshes/arm_and_hand_meshes/collision/decomposed/palm/palmwrist_hinge_right.stl" scale="-0.001 0.001 0.001"/>
    <mesh name="palm_collision_144" file="meshes/arm_and_hand_meshes/collision/decomposed/palm/palmwrist_hinge_right_small.stl" scale="-0.001 0.001 0.001"/>
    <mesh name="wrist_visual" file="meshes/arm_and_hand_meshes/visual/wrist.stl"/>
    <mesh name="wrist_collision_1" file="meshes/arm_and_hand_meshes/collision/decomposed/wrist/wrist_1.stl"/>
    <mesh name="wrist_collision_2" file="meshes/arm_and_hand_meshes/collision/decomposed/wrist/wrist_2.stl"/>
    <mesh name="wrist_collision_3" file="meshes/arm_and_hand_meshes/collision/decomposed/wrist/wrist_3.stl"/>
    <mesh name="wrist_collision_4" file="meshes/arm_and_hand_meshes/collision/decomposed/wrist/wrist_4.stl"/>
    <mesh name="wrist_collision_5" file="meshes/arm_and_hand_meshes/collision/decomposed/wrist/wrist_5.stl"/>
    <mesh name="wrist_collision_6" file="meshes/arm_and_hand_meshes/collision/decomposed/wrist/wrist_6.stl"/>
    <mesh name="wrist_collision_7" file="meshes/arm_and_hand_meshes/collision/decomposed/wrist/wrist_7.stl"/>
    <mesh name="lfmetacarpal_visual" file="meshes/arm_and_hand_meshes/visual/lfmetacarpal.stl" scale="-0.001 0.001 0.001"/>
    <mesh name="lfmetacarpal_collision_0" file="meshes/arm_and_hand_meshes/collision/decomposed/lfmetacarpal/lfmetacarpalShape_IndexedFaceSet.stl" scale="-0.001 0.001 0.001"/>
    <mesh name="lfmetacarpal_collision_1" file="meshes/arm_and_hand_meshes/collision/decomposed/lfmetacarpal/lfmetacarpalShape_IndexedFaceSet_001.stl" scale="-0.001 0.001 0.001"/>
    <mesh name="lfmetacarpal_collision_2" file="meshes/arm_and_hand_meshes/collision/decomposed/lfmetacarpal/lfmetacarpalShape_IndexedFaceSet_002.stl" scale="-0.001 0.001 0.001"/>
    <mesh name="lfmetacarpal_collision_3" file="meshes/arm_and_hand_meshes/collision/decomposed/lfmetacarpal/lfmetacarpalShape_IndexedFaceSet_003.stl" scale="-0.001 0.001 0.001"/>
    <mesh name="lfmetacarpal_collision_4" file="meshes/arm_and_hand_meshes/collision/decomposed/lfmetacarpal/lfmetacarpalShape_IndexedFaceSet_004.stl" scale="-0.001 0.001 0.001"/>
    <mesh name="lfmetacarpal_collision_5" file="meshes/arm_and_hand_meshes/collision/decomposed/lfmetacarpal/lfmetacarpalShape_IndexedFaceSet_005.stl" scale="-0.001 0.001 0.001"/>
    <mesh name="lfmetacarpal_collision_6" file="meshes/arm_and_hand_meshes/collision/decomposed/lfmetacarpal/lfmetacarpalShape_IndexedFaceSet_006.stl" scale="-0.001 0.001 0.001"/>
    <mesh name="lfmetacarpal_collision_7" file="meshes/arm_and_hand_meshes/collision/decomposed/lfmetacarpal/lfmetacarpalShape_IndexedFaceSet_007.stl" scale="-0.001 0.001 0.001"/>
    <mesh name="lfmetacarpal_collision_8" file="meshes/arm_and_hand_meshes/collision/decomposed/lfmetacarpal/lfmetacarpalShape_IndexedFaceSet_008.stl" scale="-0.001 0.001 0.001"/>
    <mesh name="lfmetacarpal_collision_9" file="meshes/arm_and_hand_meshes/collision/decomposed/lfmetacarpal/lfmetacarpalShape_IndexedFaceSet_009.stl" scale="-0.001 0.001 0.001"/>
    <mesh name="lfmetacarpal_collision_10" file="meshes/arm_and_hand_meshes/collision/decomposed/lfmetacarpal/lfmetacarpalShape_IndexedFaceSet_010.stl" scale="-0.001 0.001 0.001"/>
    <mesh name="lfmetacarpal_collision_11" file="meshes/arm_and_hand_meshes/collision/decomposed/lfmetacarpal/lfmetacarpalShape_IndexedFaceSet_011.stl" scale="-0.001 0.001 0.001"/>
    <mesh name="lfmetacarpal_collision_12" file="meshes/arm_and_hand_meshes/collision/decomposed/lfmetacarpal/lfmetacarpalShape_IndexedFaceSet_012.stl" scale="-0.001 0.001 0.001"/>
    <mesh name="lfmetacarpal_collision_13" file="meshes/arm_and_hand_meshes/collision/decomposed/lfmetacarpal/lfmetacarpalmetacarpal_001.stl" scale="-0.001 0.001 0.001"/>
    <mesh name="lfmetacarpal_collision_14" file="meshes/arm_and_hand_meshes/collision/decomposed/lfmetacarpal/lfmetacarpalmetacarpal_002.stl" scale="-0.001 0.001 0.001"/>
    <mesh name="lfmetacarpal_collision_15" file="meshes/arm_and_hand_meshes/collision/decomposed/lfmetacarpal/lfmetacarpalmetacarpal_003.stl" scale="-0.001 0.001 0.001"/>
</mujoco>
