<!--
 Software License Agreement (BSD License)
 Copyright © 2022 belongs to Shadow Robot Company Ltd.
 All rights reserved.
 Redistribution and use in source and binary forms, with or without modification,
 are permitted provided that the following conditions are met:
   1. Redistributions of source code must retain the above copyright notice,
      this list of conditions and the following disclaimer.
   2. Redistributions in binary form must reproduce the above copyright notice,
      this list of conditions and the following disclaimer in the documentation
      and/or other materials provided with the distribution.
   3. Neither the name of Shadow Robot Company Ltd nor the names of its contributors
      may be used to endorse or promote products derived from this software without
      specific prior written permission.
 This software is provided by Shadow Robot Company Ltd "as is" and any express
 or implied warranties, including, but not limited to, the implied warranties of
 merchantability and fitness for a particular purpose are disclaimed. In no event
 shall the copyright holder be liable for any direct, indirect, incidental, special,
 exemplary, or consequential damages (including, but not limited to, procurement of
 substitute goods or services; loss of use, data, or profits; or business interruption)
 however caused and on any theory of liability, whether in contract, strict liability,
 or tort (including negligence or otherwise) arising in any way out of the use of this
 software, even if advised of the possibility of such damage.
-->

<mujoco>
    <compiler angle="radian" coordinate="local"></compiler>
    <visual>
        <map fogstart="3" fogend="5" force="0.1" znear="0.1"/>
        <quality shadowsize="2048" offsamples="8"/>
        <global offwidth="800" offheight="800"/>
    </visual>
    <option cone="elliptic" impratio="300" timestep="0.002"/>
    <size njmax="500" nconmax="200" />
    <default class="main">
        <mesh scale="0.001 0.001 0.001"/>
        <joint limited="true" damping="0.05" armature="0.005" margin="0.0" frictionloss="0.1"/>
        <default class="collision">
            <geom group="3"/>
        </default>
        <default class="visual">
            <geom contype="0" conaffinity="0" group="0"/>
        </default>
        <default class="finger">
            <joint axis="1 0 0" range="0 1.5708"/>
            <default class="FJ4">
                <joint range="-0.349066 0.349066"/>
            </default>
            <default class="FJ3">
                <joint/>
            </default>
            <default class="FJ2">
                <joint/>
                <!-- <joint stiffness="0.002" springref="101.5708"/> -->
            </default>
            <default class="FJ1">
                <joint/>
                <!-- <joint stiffness="0.002" springref="-100.0"/> -->
            </default>
        </default>
        <default class="thumb">
            <joint frictionloss="0.001" damping="0.05"/>
            <default class="THJ5">
            </default>
            <default class="THJ4">
            </default>
            <default class="THJ3">
            </default>
            <default class="THJ2">
            </default>
            <default class="THJ1">
            </default>
        </default>
    </default>
</mujoco>
